{"cameraMode":{"drawMode":0,"name":"Shaded","section":"Shading Mode"},"sceneLighting":false,"audioPlay":false,"sceneViewState":{"showFog":true,"showMaterialUpdate":true,"showSkybox":false,"showFlares":true,"showImageEffects":true,"showParticleSystems":true},"in2DMode":false,"pivot":{"x":25.0,"y":38.400001525878909,"z":-295.3311462402344},"rotation":{"x":-0.1364886313676834,"y":0.8410475254058838,"z":-0.24943380057811738,"w":-0.4602307379245758},"size":13.553557395935059,"orthographic":false}